country,countryname,oecdmember,edate,date,party,partyname,partyabbrev,parfam,candidatename,coderid,manual,coderyear,testresult,testeditsim,pervote,voteest,presvote,absseat,totseats,progtype,datasetorigin,corpusversion,total,peruncod,per101,per102,per103_1,per103_2,per104,per105,per106,per107,per108,per109,per110,per201_1,per201_2,per202_1,per202_2,per202_3,per202_4,per203,per204,per301,per302,per303,per304,per305_1,per305_2,per305_3,per305_4,per305_5,per305_6,per401,per402,per403,per404,per405,per406,per407,per408,per409,per410,per411,per412,per413,per414,per415,per416_1,per416_2,per501,per502,per503,per504,per505,per506,per507,per601_1,per601_2,per602_1,per602_2,per603,per604,per605_1,per605_2,per606_1,per606_2,per607_1,per607_2,per607_3,per608_1,per608_2,per608_3,per701,per702,per703_1,per703_2,per704,per705,per706,rile,planeco,markeco,welfare,intpeace,datasetversion,id_perm
150,"Argentina",0,14/05/1989,198905,150029,"Justicialist Party of Popular Unity","FREJUPO",40,"Carlos S. Menem",314,5,2018,.6880000000000001,.614,44.684,0,47.49,126,254,1,930,"2022-1",1492,.134,0,0,0,8.109999999999999,.134,.067,0,2.614,0,0,0,.134,0,4.088,0,0,0,0,0,6.903,0,4.893,1.273,7.842000000000001,0,0,0,0,0,1.542,.9380000000000001,5.63,3.351,.737,1.676,0,1.609,4.021,4.424,.402,0,.737,1.877,0,0,.134,0,0,2.815,.268,0,.268,0,6.032,0,0,0,1.273,0,.9380000000000001,0,11.528,0,0,0,0,0,0,0,9.249000000000001,0,2.212,0,0,0,2.145,-3.82,8.981,3.418,3.083,.067,"2022a","RM63HS"
150,"Argentina",0,14/05/1989,198905,150040,"Center Alliance","",40,"Álvaro Alsogaray",314,5,2018,.6880000000000001,.614,9.595000000000001,0,6.87,14,254,1,930,"2022-1",143,0,0,0,0,0,.6990000000000001,3.497,.6990000000000001,2.797,0,0,0,1.399,.6990000000000001,4.196,0,.6990000000000001,0,3.497,0,6.993,0,2.797,0,5.594,0,0,0,0,0,11.888,0,.6990000000000001,0,0,0,0,0,0,.6990000000000001,1.399,0,0,7.692,0,0,1.399,2.098,0,0,7.692,7.692,12.587,1.399,3.497,0,0,0,.6990000000000001,0,1.399,0,3.497,0,0,0,0,0,0,0,2.098,0,0,0,0,0,0,13.287,.6990000000000001,19.58,7.692,4.196,"2022a","QT6YB6"
150,"Argentina",0,14/05/1989,198905,150301,"Civic Radical Union","UCR",30,"Eduardo Angeloz",314,5,2018,.6880000000000001,.614,28.749,0,37.09815,90,254,1,930,"2022-1",994,.202,0,0,.604,.402,.805,1.308,.704,3.421,0,0,0,0,.402,7.042,0,0,0,0,1.006,7.545,0,6.338,.101,1.811,0,0,0,0,0,2.716,2.314,4.024,.905,.503,.604,0,2.616,0,1.408,7.143,0,1.006,.302,0,0,2.716,3.018,3.32,4.125,6.841,.201,4.225,.101,1.911,0,0,0,.302,.201,2.113,.905,3.32,0,.805,0,0,0,0,0,4.527,0,3.32,0,0,.503,2.314,-19.416,4.93,3.018,10.966,2.012,"2022a","QCSEOS"
150,"Argentina",0,14/05/1995,199505,150201,"Justicialist Party","PJ",40,"Carlos S. Menem",314,5,2017,.717,.621,43.026,0,49.9028131945482,131,257,1,921,"2022-1",1252,1.757,.08,0,.08,.08,1.198,.16,1.438,3.035,2.716,0,0,.9580000000000001,0,3.834,0,0,0,.24,1.438,8.946,0,3.994,.399,5.351,1.038,0,0,0,0,5.192,1.278,1.597,2.236,.479,0,0,1.757,0,.9580000000000001,19.169,0,0,4.233,0,0,.719,1.518,3.355,1.118,4.313,0,3.914,0,2.236,0,0,0,.16,0,1.118,0,1.917,0,.08,0,.08,0,0,0,2.236,0,2.077,0,0,.399,1.118,1.997,3.834,9.425000000000001,5.431,1.597,"2022a","HGJWJD"
150,"Argentina",0,14/05/1995,199505,150202,"Front for a Country in Solidarity","FREPASO",20,"José O. Bordón",314,5,2017,.717,.621,20.689,0,29.2956174215002,26,257,1,921,"2022-1",46,0,0,0,0,0,0,0,0,0,0,0,0,0,0,6.522,0,0,0,2.174,0,8.696,0,0,6.522,0,0,0,0,0,0,0,6.522,8.696,0,0,2.174,0,0,0,4.348,6.522,0,0,6.522,0,0,0,0,2.174,13.043,8.696,0,6.522,0,4.348,0,0,0,0,0,0,0,2.174,0,0,0,0,0,0,0,4.348,0,0,0,0,0,0,-15.217,8.696,6.522,21.739,0,"2022a","CPBGUM"
150,"Argentina",0,14/05/1995,199505,150301,"Civic Radical Union","UCR",30,"Horacio Massacessi",314,5,2017,.717,.621,21.704,0,16.9935172195496,68,257,1,921,"2022-1",880,1.818,.114,.114,.341,0,1.477,0,2.045,2.386,1.477,0,0,.114,1.023,12.727,0,0,0,0,1.705,4.205,0,2.5,3.068,8.295,.341,0,0,0,.114,.909,2.841,7.159,.341,.341,.341,.455,1.364,0,1.364,3.977,0,0,1.477,0,0,1.705,1.364,3.977,4.432,2.727,0,4.318000000000001,0,3.75,0,0,.341,0,0,1.023,0,1.932,0,.455,0,.909,0,0,0,2.5,0,2.386,0,0,.227,3.523,-11.136,7.5,2.386,7.159,2.159,"2022a","NFCFC9"
150,"Argentina",0,24/10/1999,199910,150028,"Justicialist Coalition for Change","",40,"Eduardo Duhalde",314,5,2017,.717,.621,35.936,0,38.6865849521122,99,257,8,921,"2022-1",587,1.022,0,0,.341,.341,.17,0,.17,5.281,2.555,0,0,0,.681,4.94,0,0,.341,0,0,7.666,0,8.007,.341,.341,0,0,0,0,.17,.681,4.600000000000001,1.533,.341,.511,2.726,0,1.363,.17,.511,5.111,0,0,2.896,0,0,3.066,2.896,5.622,4.600000000000001,6.303,.852,5.792,0,2.044,0,0,.17,1.874,0,4.94,0,4.089,0,.511,0,.341,0,0,0,1.874,0,1.022,0,0,.681,.511,-6.644,1.874,3.578,10.903,.17,"2022a","2G89TV"
150,"Argentina",0,24/10/1999,199910,150032,"Aliance for Work, Justice, and Education","ALIANZA",30,"Fernando de la Rúa",314,5,2017,.717,.621,43.764,0,48.3652471608538,119,257,8,921,"2022-1",1273,4.635,.314,0,.393,.157,.628,0,1.021,1.964,1.807,0,0,.471,2.2,3.928,0,0,0,.079,.157,5.97,0,9.662000000000001,1.728,.786,0,0,0,0,.157,1.414,5.027,5.892,0,0,2.2,0,.628,0,1.414,8.247999999999999,0,0,1.885,0,0,1.493,.786,3.535,2.985,8.090999999999999,0,4.713,0,1.021,0,0,0,.236,0,3.299,.157,1.335,0,.236,0,.9430000000000001,0,0,0,3.221,0,1.335,0,.079,1.257,2.514,-13.04,5.892,3.299,11.076,1.021,"2022a","PQA7K3"
150,"Argentina",0,24/10/1999,199910,150601,"Action for the Republic","AR",60,"Domingo Cavallo",314,5,2017,.717,.621,8.114000000000001,0,9.81265432035244,11,257,1,921,"2022-1",567,2.998,.353,0,.353,0,1.411,.176,.353,3.88,3.351,0,0,.353,.176,6.173,0,.529,0,.353,0,3.527,0,10.229,4.938,.353,0,0,0,0,0,5.996,4.762,2.116,.705,0,.353,1.411,.353,0,.705,3.527,0,0,2.998,0,0,1.94,2.293,1.94,2.116,8.465999999999999,3.175,4.938,.705,0,0,0,.353,0,0,7.055,0,1.94,0,0,0,0,0,0,0,1.764,.882,0,0,0,0,0,.176,2.822,8.995000000000001,10.582,.529,"2022a","584ETE"
150,"Argentina",0,27/04/2003,200304,150022,"Front for Loyalty and Union of the Democratic Centre","FPL + UCeDé",20,"Carlos S. Menem",314,5,2016,.717,.621,,,24.25,,257,8,911,"2022-1",289,0,0,0,0,0,0,0,.346,3.806,1.038,0,0,0,0,4.498,0,0,0,0,.346,5.19,.6920000000000001,12.803,1.384,0,.346,0,0,0,0,2.076,3.46,2.422,.346,0,.346,.6920000000000001,.6920000000000001,.6920000000000001,1.038,5.19,0,0,3.114,0,0,1.73,1.73,8.651,3.46,7.266,0,7.612,0,.6920000000000001,.346,0,0,0,0,11.419,.346,.6920000000000001,0,0,0,0,0,0,0,4.152,0,1.038,0,0,0,.346,-7.958,2.768,5.19,10.727,.346,"2022a","2KEXTU"
150,"Argentina",0,27/04/2003,200304,150025,"Front for Victory","FpV",20,"Néstor C.  Kirchner",314,5,2016,.717,.621,,,22.24,,257,8,911,"2022-1",75,2.667,0,0,0,0,0,0,0,4,1.333,0,0,0,0,14.667,0,0,0,0,0,5.333,0,9.333,2.667,0,0,0,0,0,0,0,4,6.667,0,0,2.667,0,2.667,2.667,1.333,1.333,1.333,2.667,4,0,0,0,0,5.333,5.333,4,0,5.333,0,4,0,0,0,0,0,4,0,2.667,0,0,0,0,0,0,0,0,0,0,0,0,0,0,-22.667,8,4,9.333,0,"2022a","YWW7TN"
150,"Argentina",0,27/04/2003,200304,150205,"Front of the popular movement","MP",20,"Adolfo Rodriguez Saá",314,5,2016,.717,.621,,,14.11,,257,8,911,"2022-1",24,0,0,0,0,0,0,0,0,0,4.167,0,0,0,4.167,16.667,0,0,0,0,0,0,0,4.167,4.167,4.167,4.167,0,0,0,0,0,0,0,0,0,0,0,0,0,4.167,4.167,0,0,8.333,0,0,0,0,4.167,4.167,8.333,0,0,0,8.333,0,0,0,0,0,0,0,8.333,0,0,0,0,0,0,0,8.333,0,0,0,0,0,0,4.167,0,8.333,12.5,0,"2022a","6ZRXJH"
150,"Argentina",0,27/04/2003,200304,150210,"Alternative for a Republic of Equals","ARI",20,"Elisa M. A. Carrió",314,5,2016,.717,.621,,,14.1,,257,8,911,"2022-1",1366,1.61,0,0,0,.146,.732,.878,.805,1.757,1.318,0,0,0,2.709,13.763,0,0,.146,.146,1.684,1.757,0,5.71,5.051,0,0,.146,0,0,.439,0,2.269,5.417,0,0,1.684,0,1.464,.22,1.098,3.514,.439,.366,2.489,0,0,1.098,1.757,3.075,4.246,9.516999999999999,0,4.392,0,1.537,0,0,0,.146,0,2.343,2.343,2.489,.659,.146,0,0,0,0,0,2.928,0,1.757,0,0,1.025,2.782,-26.135,5.857,2.489,13.763,1.684,"2022a","KRWU31"
150,"Argentina",0,27/04/2003,200304,150401,"Recreate for Growth","RECREAR",40,"Ricardo López Murphy",314,5,2016,.717,.621,,,16.37,,257,1,911,"2022-1",1050,7.333,0,0,0,0,0,0,.095,2,0,0,0,.9520000000000001,.286,3.333,0,0,0,.381,0,5.524,.857,22,1.143,1.143,0,.9520000000000001,0,0,0,1.238,1.048,.286,0,0,0,.381,.381,0,1.238,3.619,0,0,6.095,0,0,.381,0,1.048,1.333,1.714,4.286,15.619,6.19,1.524,0,0,0,.476,0,.5710000000000001,0,3.905,0,0,0,0,0,0,0,.5710000000000001,2,0,0,0,.095,0,-.381,.286,7.333,3.048,.095,"2022a","LUGSJM"
150,"Argentina",0,28/10/2007,200710,150023,"Civic Coalition","CC",20,"Elisa Carrió",314,5,2016,.717,.621,,,23.07,27,257,8,911,"2022-1",954,0,0,0,.105,0,0,.419,1.153,1.782,.314,0,0,1.048,4.822,16.247,0,.21,.21,.419,0,2.096,0,8.281000000000001,4.717000000000001,2.096,0,0,0,.21,0,0,5.765,2.201,.629,0,.21,0,.9430000000000001,.105,1.677,2.096,0,0,0,0,0,2.096,.9430000000000001,1.048,5.556,4.507,0,2.201,0,.419,0,0,.419,0,.21,3.774,1.677,2.621,.21,.734,0,2.306,0,0,0,2.516,0,2.621,0,0,2.411,5.975000000000001,-11.006,2.83,0,10.063,1.572,"2022a","CVRJJW"
150,"Argentina",0,28/10/2007,200710,150025,"Front for Victory","FpV",20,"Cristina Fernández de Kirchner",314,5,2016,.717,.621,,,44.69,153,257,8,911,"2022-1",53,0,0,0,0,0,0,0,0,5.66,1.887,0,0,0,0,5.66,0,0,0,0,0,7.547000000000001,0,3.774,5.66,1.887,0,0,0,0,0,0,5.66,3.774,7.547000000000001,0,1.887,0,0,1.887,3.774,0,0,0,1.887,0,0,0,0,9.434000000000001,7.547000000000001,5.66,0,7.547000000000001,0,0,0,0,0,0,0,9.434000000000001,0,0,0,0,0,0,0,0,0,1.887,0,0,0,0,0,0,-20.755,11.321,1.887,13.208,0,"2022a","MKIC2Y"
150,"Argentina",0,28/10/2007,200710,150027,"Justice, Union and Liberty Front","FREJULI",20,"Alberto J. Rodriguez Saa",314,5,2016,.717,.621,,,7.76,9,257,8,911,"2022-1",26,0,0,0,0,0,0,0,0,0,0,0,0,0,0,11.538,0,0,0,3.846,0,11.538,0,0,0,0,0,0,0,0,0,0,0,0,0,0,0,0,0,0,15.385,7.692,0,0,0,0,0,0,3.846,7.692,7.692,7.692,0,7.692,0,0,0,0,0,0,0,0,0,0,0,0,0,0,0,0,0,3.846,0,11.538,0,0,0,0,-26.923,0,0,15.385,0,"2022a","G2BC4R"
150,"Argentina",0,28/10/2007,200710,150031,"An Advanced Union","UNA",30,"Roberto Lavagna",314,5,2016,.717,.621,,,16.96,30,257,1,911,"2022-1",333,0,0,0,0,0,2.402,0,2.102,1.802,.901,0,0,0,.901,15.916,0,0,0,.901,0,4.805,0,2.102,2.703,9.309000000000001,0,0,0,0,.601,0,2.703,.3,2.102,0,0,0,0,0,9.009,3.303,.901,0,.3,0,0,1.201,1.502,0,8.108000000000001,9.009,0,2.703,0,5.405,0,0,0,0,0,2.703,0,.901,0,0,0,0,0,0,0,4.505,0,.901,0,0,0,0,-13.213,3.303,.3,17.117,2.102,"2022a","OKXIK2"
150,"Argentina",0,28/06/2009,200906,150024,"Social and Civic Agreement","ACyS",20,"",314,5,2015,.797,.606,28.8,0,,68,257,8,911,"2022-1",75,0,0,0,0,0,0,0,2.667,13.333,1.333,0,0,0,2.667,9.333,0,1.333,0,2.667,0,10.667,0,5.333,6.667,0,0,0,0,0,0,0,1.333,0,1.333,0,1.333,0,1.333,0,2.667,2.667,0,0,0,0,0,0,1.333,0,2.667,4,0,1.333,0,1.333,0,0,0,0,0,10.667,0,0,0,0,0,0,0,0,0,4,0,2.667,0,0,0,5.333,-20,1.333,0,6.667,2.667,"2022a","PU3VZN"
150,"Argentina",0,28/06/2009,200906,150025,"Front for Victory","FpV",20,"",314,5,2015,.797,.606,30.28,0,,87,257,8,911,"2022-1",30,0,0,0,0,0,0,0,0,3.333,6.667,0,0,0,0,10,0,0,0,0,0,6.667,0,3.333,0,0,0,0,0,0,0,0,6.667,10,6.667,0,3.333,0,0,3.333,0,3.333,0,0,0,0,0,0,0,6.667,3.333,13.333,0,6.667,0,0,0,0,0,0,0,0,0,6.667,0,0,0,0,0,0,0,0,0,0,0,0,0,0,-40,16.667,0,16.667,0,"2022a","7MMO7P"
150,"Argentina",0,28/06/2009,200906,150061,"Alliance Union-PRO","",60,"",314,5,2015,.797,.606,19.21,0,,11,257,8,911,"2022-1",172,0,0,0,0,0,0,0,0,0,0,0,0,0,1.744,1.744,0,0,0,0,0,7.558,0,8.721,0,0,0,0,0,0,0,0,5.233000000000001,.581,0,0,.581,0,.581,0,1.163,4.651,0,0,0,0,0,0,0,4.07,4.651,16.279,0,14.535,0,0,0,0,0,0,0,11.628,2.326,0,0,1.163,0,0,0,0,0,2.907,0,5.233000000000001,0,0,0,4.651,-18.023,.581,0,20.93,0,"2022a","T6TWJ8"
150,"Argentina",0,28/06/2009,200906,150220,"New Encounter","",20,"",314,5,2015,.797,.606,,,,5,257,8,911,"2022-1",104,0,0,0,0,0,0,0,0,.962,3.846,0,0,0,3.846,5.769,0,0,5.769,0,0,2.885,0,1.923,.962,0,0,0,0,0,.962,0,1.923,.962,.962,0,0,0,0,0,1.923,1.923,0,0,0,0,0,1.923,10.577,1.923,4.808,15.385,0,5.769,0,0,0,0,0,0,0,12.5,0,3.846,0,0,0,0,0,0,0,3.846,0,0,0,0,0,4.808,-16.346,1.923,0,20.192,0,"2022a","UPO282"
150,"Argentina",0,28/06/2009,200906,150221,"Neuquén People's Movement","MPN",20,"",314,5,2015,.797,.606,,,,,257,1,911,"2022-1",291,.6870000000000001,0,0,0,.344,0,0,0,.344,1.031,0,0,.344,.344,18.213,0,3.436,.344,2.405,0,14.089,0,9.966000000000001,1.031,.6870000000000001,0,0,0,0,0,0,3.436,1.031,2.062,0,0,0,1.031,0,4.811,4.467000000000001,.6870000000000001,0,0,0,0,3.436,6.873,1.031,.344,1.031,.344,0,0,4.811,0,0,0,0,0,4.467000000000001,0,2.062,0,0,0,0,0,0,0,3.436,0,1.375,0,0,0,0,-12.027,3.78,0,1.375,0,"2022a","YCH3PJ"
150,"Argentina",0,28/06/2009,200906,150222,"It is possible","",20,"",314,5,2015,.797,.606,,,,,257,1,911,"2022-1",211,.9480000000000001,0,0,0,0,0,0,0,2.37,1.422,0,0,0,0,8.531000000000001,0,.474,0,.9480000000000001,0,2.844,0,9.005000000000001,.9480000000000001,.474,0,.9480000000000001,0,0,0,1.422,2.37,4.265,1.422,0,.9480000000000001,.9480000000000001,1.422,.474,.9480000000000001,7.109,0,0,0,0,0,4.739,2.37,6.161,.9480000000000001,12.322,0,6.161,0,1.422,.474,0,0,0,0,11.374,0,0,0,0,0,0,0,0,0,2.844,0,.9480000000000001,0,0,0,0,-18.957,5.687,1.422,13.27,0,"2022a","VZAFNB"
150,"Argentina",0,23/10/2011,201110,150025,"Front for Victory","FpV",20,"Cristina Fernández de Kirchner",314,5,2015,.797,.606,49.1,0,54.11,115,257,8,901,"2022-1",146,0,0,0,1.37,1.37,0,0,2.055,5.479,7.534,0,0,0,1.37,4.11,0,0,0,0,0,0,0,.6850000000000001,0,19.863,0,0,0,0,2.055,0,1.37,0,3.425,0,1.37,0,2.055,0,1.37,4.11,.6850000000000001,.6850000000000001,0,0,0,.6850000000000001,1.37,0,10.959,4.11,0,4.11,0,.6850000000000001,0,0,0,0,0,.6850000000000001,0,5.479,0,.6850000000000001,0,.6850000000000001,0,0,0,6.164,0,2.055,0,0,0,1.37,-3.425,4.11,0,15.068,2.055,"2022a","CHOWLQ"
150,"Argentina",0,23/10/2011,201110,150026,"Broad Progressive Front","FAP",20,"Hermes J. Binner",314,5,2015,.797,.606,12.5,0,16.81,23,257,8,901,"2022-1",536,2.052,0,0,.373,0,0,0,.9330000000000001,.746,.746,0,0,.187,.187,9.141999999999999,0,.746,.187,.187,.373,4.851,0,4.478,1.493,5.224,0,.373,0,0,0,0,2.239,.746,2.425,0,0,0,3.358,.187,.5600000000000001,6.53,0,0,.746,0,0,1.493,.373,3.545,8.022,10.261,0,6.343,0,1.679,0,0,0,0,.187,2.052,.373,6.53,0,2.612,0,0,0,0,0,4.851,0,.746,0,0,.373,1.493,-17.351,3.172,.746,18.284,.9330000000000001,"2022a","P3DSD6"
150,"Argentina",0,23/10/2011,201110,150027,"Federal Commitment","",20,"Alberto J. Rodriguez Saa",314,5,2015,.797,.606,5.8,0,8,,257,8,901,"2022-1",1927,2.128,0,0,.104,0,.727,0,.104,1.194,2.491,0,0,.5710000000000001,.415,8.926,0,0,.882,2.18,0,2.75,0,9.808,1.764,2.543,.156,.104,0,0,.052,.415,1.557,.519,.363,0,0,0,1.349,0,.052,6.850000000000001,0,0,2.024,0,0,3.581,6.175,3.477,4.048,5.034,.052,3.684,0,.8300000000000001,.104,0,.363,1.09,0,10.431,.519,1.142,0,.727,.052,.259,0,0,0,2.335,0,3.01,0,.052,.5710000000000001,2.439,1.245,.882,2.439,9.081,.104,"2022a","D1XYM8"
150,"Argentina",0,23/10/2011,201110,150230,"Popular Front","",20,"Eduardo Duhalde",314,5,2015,.797,.606,3.7,1,5.86,,257,1,901,"2022-1",108,.926,0,0,.926,0,0,0,0,0,0,0,0,1.852,.926,7.407,0,.926,.926,.926,0,1.852,0,.926,.926,0,0,0,0,0,0,0,0,.926,0,0,0,0,0,0,.926,3.704,0,0,0,0,0,0,0,1.852,.926,26.852,0,4.63,0,4.63,1.852,0,0,3.704,0,0,.926,0,.926,.926,0,0,0,0,0,22.222,0,.926,0,0,0,5.556,-50,.926,0,27.778,0,"2022a","OFIF9Z"
150,"Argentina",0,23/10/2011,201110,150301,"Civic Radical Union","UCR",30,"Ricardo L. Alfonsín",314,5,2015,.797,.606,4.9,0,11.15,38,257,1,901,"2022-1",195,.513,0,0,0,0,0,0,2.051,2.564,1.026,0,0,0,1.026,3.59,0,0,0,0,0,3.59,0,1.538,2.564,5.641,0,0,0,0,0,0,1.026,1.026,2.564,0,0,0,1.026,0,.513,7.179,1.026,0,.513,0,0,4.103,5.128,2.051,6.667,10.256,0,8.718,0,3.59,0,0,0,0,.513,7.692,0,.513,0,.513,0,.513,0,0,0,1.538,0,2.051,0,.513,1.538,5.128,-13.333,4.615,.513,16.923,2.051,"2022a","SKTIF6"
150,"Argentina",0,27/10/2013,201310,150025,"Front for Victory","FpV",20,"",314,5,2015,.797,.606,33.15,0,,132,257,8,901,"2022-1",51,1.961,0,0,3.922,1.961,0,0,0,0,3.922,0,0,0,5.882000000000001,5.882000000000001,0,3.922,0,0,0,0,0,0,0,11.765,1.961,0,0,0,3.922,0,1.961,0,0,0,0,0,0,1.961,0,3.922,1.961,0,3.922,0,0,0,0,0,5.882000000000001,9.804,0,1.961,0,1.961,0,0,0,0,0,0,0,3.922,0,0,0,0,0,0,0,5.882000000000001,0,1.961,0,0,5.882000000000001,3.922,0,1.961,3.922,15.686,0,"2022a","ZV2ZTW"
150,"Argentina",0,27/10/2013,201310,150026,"Broad Progressive Front","FAP",20,"",314,5,2015,.797,.606,0,1,,0,257,8,901,"2022-1",351,1.425,.285,0,0,.855,0,0,0,1.709,8.547000000000001,0,0,.285,1.709,7.123,0,1.14,2.279,.855,0,3.134,0,.855,1.14,2.849,0,1.14,0,0,.285,.5700000000000001,.855,.5700000000000001,1.425,.285,0,0,7.407,0,1.425,3.989,.855,0,0,0,0,4.843,3.134,.285,6.268,3.419,0,6.268,0,1.709,0,0,0,0,0,2.849,0,5.698,1.994,.5700000000000001,0,.5700000000000001,0,0,0,1.994,0,1.14,0,0,.285,5.983000000000001,-6.838,2.849,.5700000000000001,9.686999999999999,0,"2022a","E62P18"
150,"Argentina",0,27/10/2013,201310,150301,"Civic Radical Union","UCR",30,"",314,5,2015,.797,.606,21.38,0,,54,257,1,901,"2022-1",106,2.83,0,0,0,0,0,0,0,.9430000000000001,.9430000000000001,0,0,1.887,4.717000000000001,12.264,0,.9430000000000001,0,3.774,0,3.774,0,2.83,6.604,.9430000000000001,0,0,0,0,0,0,.9430000000000001,.9430000000000001,0,0,0,0,1.887,2.83,1.887,.9430000000000001,0,0,0,0,0,0,.9430000000000001,0,4.717000000000001,8.491,0,9.434000000000001,0,.9430000000000001,0,0,0,0,0,10.377,0,.9430000000000001,0,0,0,.9430000000000001,0,0,0,6.604,0,1.887,0,0,0,2.83,-15.094,.9430000000000001,0,13.208,0,"2022a","3C3C1S"
150,"Argentina",0,25/10/2015,201510,150021,"United for a New Alternative","UNA",20,"Sergio Tomás Massa",314,5,2020,.904,.886,,0,21.3902558252959,17,130,8,951,"2022-1",324,0,0,0,0,0,.309,0,0,8.951000000000001,1.235,0,0,.926,.926,3.704,0,0,0,1.235,0,1.852,0,1.543,5.864,5.556,1.852,0,0,0,0,1.235,1.235,1.543,1.852,0,0,1.235,.309,.309,.926,8.025,0,0,4.321,0,0,1.543,.617,.309,6.173,2.469,.926,6.79,.309,4.012,.309,0,0,1.852,0,10.185,1.543,2.778,0,0,0,0,0,0,0,5.247,0,0,0,0,0,0,8.333,3.395,5.556,8.641999999999999,0,"2022a","I2W77K"
150,"Argentina",0,25/10/2015,201510,150025,"Front for Victory","FpV",20,"Daniel Osvaldo Scioli",314,5,2020,.904,.886,,0,37.0806651155124,60,130,8,951,"2022-1",365,0,0,0,1.096,4.384,3.014,0,.8220000000000001,.274,2.74,0,0,.274,.8220000000000001,4.932,0,0,0,0,0,1.644,0,.8220000000000001,0,1.644,.548,0,0,.8220000000000001,.8220000000000001,0,1.096,2.74,0,0,1.644,0,0,0,3.836,15.89,0,4.932,1.644,0,0,1.918,.548,3.014,4.384,11.233,0,7.123,0,1.096,0,0,0,0,0,1.918,2.466,0,0,0,0,.274,0,0,0,5.753,0,3.836,0,0,0,0,-31.233,2.74,1.644,15.616,.8220000000000001,"2022a","LY9S59"
150,"Argentina",0,25/10/2015,201510,150062,"We change","",60,"Mauricio Macri",314,5,2020,.904,.886,,0,34.1528082404813,47,130,8,951,"2022-1",192,.52,0,0,0,0,.521,0,0,4.167,.521,0,0,.521,2.083,8.854000000000001,0,0,0,1.042,0,.521,0,4.167,5.208,.521,0,0,0,0,0,.521,6.25,1.042,1.042,.521,0,.521,.521,0,3.125,4.688,0,0,1.562,0,0,2.604,.521,0,6.771,18.229,0,11.458,0,3.125,0,0,0,0,0,6.25,1.042,1.042,0,0,0,0,0,0,0,.521,0,0,0,0,0,0,-21.354,2.083,2.083,25,0,"2022a","Z68UJ5"
150,"Argentina",0,27/10/2019,201910,150025,"Everyone's Front","",20,"Alberto Fernández",314,5,2020,.904,.886,,0,48.24,64,130,8,951,"2022-1",448,.223,0,0,.67,2.232,2.902,.223,.446,1.562,1.116,0,0,0,2.009,7.812,0,0,0,.223,0,.67,0,2.455,4.018,2.679,.223,0,0,.446,.67,0,2.679,3.348,3.795,.223,1.786,.223,0,.893,.446,5.804,0,.223,.67,0,0,4.464,1.786,2.232,8.259,13.839,0,6.027,0,1.562,0,0,0,0,0,1.116,.893,.893,.223,0,0,.67,0,0,0,6.92,0,0,0,0,0,.446,-32.366,7.143,.67,22.098,.67,"2022a","VMANYH"
150,"Argentina",0,27/10/2019,201910,150033,"Federal Consensus","",30,"Roberto Lavagna",314,5,2020,.904,.886,,0,6.14,3,130,8,951,"2022-1",163,.613,0,0,0,0,.613,0,0,3.681,1.84,0,0,0,.613,10.429,0,0,0,0,0,3.067,0,2.454,10.429,3.067,0,0,0,.613,0,1.84,1.84,1.227,8.589,0,1.84,.613,0,0,0,9.202,0,0,1.227,0,0,.613,1.84,0,6.748,4.908,0,6.135,0,3.067,0,0,0,1.227,0,3.681,1.227,1.84,0,0,0,0,0,0,0,4.294,0,0,0,0,0,.613,-20.859,9.816000000000001,3.067,11.656,0,"2022a","9JR6VN"
150,"Argentina",0,27/10/2019,201910,150062,"Together for Change","",60,"Mauricio Macri",314,5,2020,.904,.886,,0,40.28,56,130,8,951,"2022-1",232,.431,0,0,0,0,0,0,.862,5.603,0,0,0,0,1.724,9.052,0,0,0,0,0,3.879,0,7.759,8.19,2.586,0,0,0,.862,0,.862,3.879,1.293,1.293,0,0,2.155,.862,0,1.724,5.172,0,0,5.603,0,0,.431,0,.862,8.621,5.172,0,3.448,0,3.448,0,0,0,0,0,6.034,0,3.448,0,0,0,0,0,0,0,4.741,0,0,0,0,0,0,-.862,2.586,6.466,13.793,.862,"2022a","TUBWQV"
151,"Bolivia",0,06/12/2009,200912,151062,"Plan Progress for Bolivia – National Convergence","PPB-CN",60,"Manfred Reyes Villa",325,5,2018,.8280000000000001,.553,26.9,0,26.4641421179169,37,130,8,930,"2022-1",146,0,0,0,0,0,0,0,0,0,0,0,0,5.479,4.11,6.849,0,0,0,0,0,6.849,0,2.74,4.11,0,0,0,0,0,0,.6850000000000001,.6850000000000001,4.11,2.055,0,0,.6850000000000001,0,0,0,0,0,0,0,0,0,2.74,0,0,5.479,23.973,0,14.384,0,.6850000000000001,0,0,0,0,.6850000000000001,4.795,0,0,0,.6850000000000001,0,0,0,0,0,4.11,0,0,0,0,2.055,2.055,-38.356,6.164,.6850000000000001,29.452,0,"2022a","725OXK"
151,"Bolivia",0,06/12/2009,200912,151250,"Movement towards Socialism - Political Instrument for the Sovereignty of the Peoples","MAS-IPSP",20,"Juan Evo Morales Ayma",325,5,2018,.8280000000000001,.553,57.41,0,64.22313850133961,88,130,1,930,"2022-1",1970,0,.102,.203,.406,.355,.051,0,.305,1.827,.609,.203,0,0,.203,.102,0,.051,.305,1.827,0,1.269,.102,1.269,2.335,3.147,.964,.609,0,.102,0,.406,1.726,1.827,1.574,2.538,.66,.203,.609,.66,3.096,25.279,1.218,3.147,1.218,4.67,.254,.508,2.487,2.589,3.299,12.944,0,2.081,0,.355,0,.102,0,0,0,3.249,0,.152,.406,.305,0,1.168,0,0,0,1.218,0,3.553,0,0,0,.152,-13.401,4.619,1.624,16.244,.508,"2022a","M7J7GC"
151,"Bolivia",0,06/12/2009,200912,151255,"Social Alliance","AS",20,"René Joaquino Cabrera",325,5,2018,.8280000000000001,.553,3.89,0,2.31359264866394,2,130,1,930,"2022-1",668,0,.15,.449,0,0,9.132,0,.749,1.946,.599,.449,0,.449,2.545,7.485,0,1.048,.15,0,2.246,3.443,.599,2.695,8.084,.449,.749,0,0,3.593,0,.449,4.192,.449,.299,.449,.15,.15,1.048,0,0,1.647,.15,5.389,.15,1.497,0,.749,3.593,1.048,3.743,2.545,.15,4.94,.15,2.395,0,0,0,6.138,.299,1.946,0,2.695,0,1.048,0,.15,0,0,1.647,1.048,0,1.198,0,.299,0,1.198,8.832000000000001,.898,.599,6.287,1.198,"2022a","57QFFH"
151,"Bolivia",0,06/12/2009,200912,151610,"Nationalist Revolutionary Movement","MNR",60,"Michiaki Nagatani",325,5,2018,.8280000000000001,.553,0,1,0,0,130,1,930,"2022-1",378,0,.265,.265,.265,0,1.323,0,.529,.794,1.852,0,.265,.529,.794,3.175,0,0,6.614,.529,2.646,5.291,0,.794,.794,11.376,0,0,0,0,0,1.058,6.349,1.852,1.587,1.852,1.058,.265,2.116,0,5.556,2.381,0,2.91,1.852,5.291,0,1.852,.529,0,2.381,2.116,0,.794,0,7.937,0,1.058,0,0,0,.794,0,.794,.794,1.323,0,1.323,0,0,0,1.058,0,4.762,0,0,0,.265,11.64,3.439,2.91,4.497,.794,"2022a","F5TLSR"
151,"Bolivia",0,06/12/2009,200912,151617,"Autonomy for Bolivia","APB",60,"Manfred Reyes Villa",325,5,2018,.8280000000000001,.553,0,1,0,0,130,1,930,"2022-1",647,.154,0,0,2.473,1.855,0,0,2.009,3.091,1.391,0,.155,3.555,4.946,9.737,.155,0,4.019,0,0,11.283,0,.155,1.546,2.318,0,0,0,1.082,0,2.318,.309,2.628,0,.927,0,.155,.309,0,.464,2.318,.309,.309,0,0,0,4.791,2.628,1.391,6.801,.773,.155,1.391,0,3.246,0,.155,0,6.955,0,.618,0,2.164,.927,1.391,0,.618,0,0,0,3.246,0,1.082,0,0,0,1.7,-3.091,2.937,2.318,7.573,2.009,"2022a","XVCAQR"
151,"Bolivia",0,06/12/2009,200912,151640,"National Unity Front","UN",60,"Samuel Doria Medina",325,5,2018,.8280000000000001,.553,7.25,0,5.65095118995301,3,130,1,930,"2022-1",924,0,0,0,0,0,0,0,0,0,0,0,.108,0,.216,3.247,0,0,0,.216,.216,6.169,0,2.922,1.515,2.056,3.03,0,0,0,0,.108,3.571,1.84,3.03,.649,.866,3.68,0,0,1.515,5.736,0,.108,.216,0,0,11.364,1.623,2.381,.649,10.931,.108,7.9,0,.758,0,0,0,0,0,11.039,0,2.706,0,.866,0,.325,0,0,0,2.165,0,6.169,0,0,0,0,-2.381,4.87,.325,11.58,0,"2022a","XS5B7S"
151,"Bolivia",0,12/10/2014,201410,151250,"Movement towards Socialism - Political Instrument for the Sovereignty of the Peoples","MAS-IPSP",20,"Juan Evo Morales Ayma",325,5,2016,.8280000000000001,.553,67.59999999999999,0,61.36,88,130,1,911,"2022-1",1189,.084,0,.084,2.775,.757,1.346,0,0,1.766,.084,.168,0,0,1.093,.336,0,0,.757,1.514,.084,.421,0,1.009,3.364,1.934,.925,.589,0,1.43,0,.168,.505,.336,6.056,.084,.084,0,2.86,.421,.336,12.111,.589,5.719,0,11.018,.084,4.794,1.43,1.85,3.448,7.233000000000001,0,4.121,0,.252,0,.084,0,.336,0,2.103,0,.168,.841,2.523,0,1.682,.084,0,.084,.084,0,4.037,0,0,.841,3.112,-17.41,6.981,.168,10.681,.084,"2022a","7EEH74"
151,"Bolivia",0,12/10/2014,201410,151540,"Christian Democratic Party","PDC",50,"Jorge Tuto Quiroga",325,5,2016,.8280000000000001,.553,7.7,0,9.039999999999999,10,130,1,911,"2022-1",319,0,0,0,0,0,.627,0,0,0,0,0,0,0,0,7.21,0,.313,0,.627,0,11.912,0,11.912,1.881,.627,3.762,0,0,0,0,1.881,2.821,5.016,3.762,.627,1.254,0,2.194,3.448,.313,3.448,.627,0,.627,0,0,10.031,0,0,.313,10.972,0,4.075,0,.313,0,0,0,0,0,4.075,.627,3.762,0,0,0,0,0,0,0,0,0,0,0,0,0,.9400000000000001,-14.107,9.404,2.508,11.285,0,"2022a","1723SC"
151,"Bolivia",0,12/10/2014,201410,151640,"Democratic Union","UD",60,"Samuel Doria Medina",325,5,2016,.8280000000000001,.553,24.6,0,24.23,32,130,1,911,"2022-1",791,0,0,.126,.126,0,.506,.126,.253,.253,.632,.253,.126,.506,.632,5.057,0,.506,.379,0,0,1.77,.506,9.355,5.563,9.102,3.287,.126,0,0,0,.126,1.391,.885,1.896,3.919,.126,.126,.759,.253,2.655,5.057,.506,1.643,0,0,0,1.77,.632,.632,1.896,8.090999999999999,0,5.057,0,1.011,0,0,.253,0,0,5.057,0,.379,.126,.632,0,1.896,0,0,0,.759,1.011,3.919,0,1.77,.632,5.942,-3.287,3.287,.126,9.987,.506,"2022a","UZYZXD"
155,"Chile",10,14/12/1989,198912,155021,"Concert of Parties for Democracy","",20,"Patricio Aylwin Azocar",313,5,2014,.837,.647,51.27,0,55.17,59,120,8,901,"2022-1",1617,.062,.309,0,.371,0,2.103,1.361,.495,5.071,1.299,.495,0,0,2.226,4.082,0,.68,0,0,1.051,4.515,.124,2.721,.062,.247,0,0,.186,3.34,1.422,1.299,.742,2.968,.186,3.03,.186,1.793,0,.247,5.751,4.576000000000001,1.051,.804,2.659,0,0,1.299,.989,4.267,8.534000000000001,3.834,.928,5.999000000000001,0,.062,0,0,0,.247,0,.928,0,1.422,.495,.618,0,.247,0,0,0,8.163,0,2.165,0,.309,.062,1.917,-15.152,4.205,3.958,12.369,1.855,"2022a","LS71MA"
155,"Chile",10,14/12/1989,198912,155061,"Democracy and Progress","",60,"Hernán Büchi Buc",313,5,2014,.837,.647,34.19,0,29.4,48,120,8,901,"2022-1",598,0,.669,.167,0,0,3.679,.502,1.003,6.689,.669,.502,.167,5.184,1.171,3.177,0,.334,.334,.167,.334,3.01,0,3.177,0,3.679,.502,0,.334,.836,.334,4.348,4.682,.167,0,0,.167,1.672,.669,.167,2.174,5.017,0,.167,4.515,0,0,1.505,.836,4.013,2.843,4.849,9.699,5.853,0,.836,0,0,0,2.174,0,1.839,0,.669,0,0,0,0,0,0,0,1.672,0,1.171,0,.836,0,.836,21.405,.167,8.863,7.692,1.672,"2022a","SQXTCB"
155,"Chile",10,14/12/1989,198912,155620,"Liberal-Socialists of Chile","",60,"Francisco Javier Errázuriz Talavera",313,5,2014,.837,.647,,,15.43,,120,1,901,"2022-1",126,0,0,0,0,0,0,0,0,0,0,0,0,3.968,2.381,7.143,0,0,2.381,0,0,2.381,0,2.381,0,0,0,0,0,0,2.381,1.587,0,3.968,0,0,0,0,0,0,0,4.762,0,0,4.762,0,0,0,0,7.143,18.254,11.111,4.762,.794,0,.794,0,0,0,3.968,0,0,0,0,0,0,0,0,0,0,0,3.175,0,0,0,1.587,.794,9.524000000000001,-3.968,3.968,6.349,29.365,0,"2022a","2IDQNL"
155,"Chile",10,11/12/1993,199312,155021,"Concert of Parties for Democracy","",20,"Eduardo Frei Ruiz-Tagle",313,5,2014,.837,.647,55.3,0,57.98,69,120,8,901,"2022-1",2049,0,.146,0,0,0,.488,.293,.244,3.563,1.025,0,.049,.293,1.415,3.514,0,.293,.244,0,.781,4.197,0,6.979,.39,2.391,0,0,.146,.342,0,1.806,.098,5.271,.098,.098,0,1.855,.098,.342,3.953,8.882,0,.195,1.952,0,0,1.659,1.611,3.758,8.638,5.222,.878,8.199,0,0,0,0,.146,1.952,0,3.123,0,2.44,.195,0,.098,.049,0,0,0,2.733,0,2.001,0,.049,.39,5.417,-10.493,5.368,3.758,13.86,.537,"2022a","6B4L5M"
155,"Chile",10,11/12/1993,199312,155061,"Union for Chile's Progress","",60,"Arturo Alessandri Besa",313,5,2014,.837,.647,37,0,24.41,50,120,8,901,"2022-1",793,0,.631,.126,0,0,2.648,0,.126,2.522,0,.126,0,.504,.504,3.531,0,0,0,.378,0,2.018,0,7.188,.883,4.918,.252,0,.378,0,0,13.619,1.261,1.261,.252,.126,0,4.54,0,0,2.522,7.945,0,0,1.765,0,0,2.396,1.765,1.892,4.161,3.657,3.909,4.54,0,0,0,0,0,3.783,.126,4.161,0,.504,0,0,0,0,0,0,0,1.892,0,5.044,0,.378,0,1.765,25.347,1.513,15.385,7.818000000000001,.252,"2022a","X97LN2"
155,"Chile",10,12/12/1999,199912,155021,"Concert of Parties for Democracy","",20,"Ricardo Lagos Escobar",313,5,2014,.837,.647,,,51.3,,,8,901,"2022-1",912,0,.11,0,0,0,1.425,.768,.219,.329,.439,0,0,0,2.961,8.553000000000001,0,.11,.439,.11,.548,3.618,0,3.289,.877,2.303,.329,0,0,.329,0,.439,.877,5.373,0,.658,0,.987,0,0,2.632,8.114000000000001,0,0,.877,0,0,.329,3.728,4.825,8.991,9.649000000000001,1.096,7.566,0,.658,0,0,0,2.522,0,4.167,0,1.864,0,.548,0,1.754,0,0,0,1.535,0,1.096,0,.219,.548,2.193,-13.596,5.373,1.316,18.64,.987,"2022a","MXFWXI"
155,"Chile",10,12/12/1999,199912,155061,"Alliance for Chile","",60,"Joaquin Lavin Infante",313,5,2014,.837,.647,,,48.7,,,8,901,"2022-1",1156,0,0,.26,0,0,3.806,0,0,2.422,.26,0,0,.433,.779,3.893,0,0,.26,.519,0,4.671,0,5.45,1.644,3.287,0,0,.173,0,.346,1.903,.087,1.125,0,.346,0,1.298,0,0,3.979,3.979,0,0,1.298,0,0,.519,3.547,6.315,7.699,9.083,1.99,6.92,0,0,0,0,0,.9520000000000001,0,4.671,0,1.298,0,.346,0,.519,0,0,0,4.152,0,3.287,0,1.644,.346,4.498,-5.017,1.125,3.201,16.782,.26,"2022a","92K8UQ"
155,"Chile",10,11/12/2005,200512,155021,"Concert of Parties for Democracy","",20,"Michelle Bachelet Jeria",313,5,2015,.837,.647,51.76,0,45.96,65,120,8,901,"2022-1",2739,0,.438,0,0,0,.6940000000000001,.913,.292,2.556,.402,.511,0,.183,1.314,3.651,0,.767,0,0,.183,3.687,0,6.864,.11,.438,.584,.037,0,1.132,.292,.037,4.746,9.127000000000001,.475,0,0,.767,0,.146,4.345,6.754,.365,0,1.679,0,0,1.059,2.154,4.272,8.178000000000001,12.085,.402,5.221,0,0,0,0,.146,0,0,3.76,0,.913,.84,.292,.073,1.241,0,0,0,2.081,0,1.205,0,0,.146,2.446,-19.715,9.967000000000001,1.716,20.263,1.205,"2022a","YR1G39"
155,"Chile",10,11/12/2005,200512,155025,"Together we can do more for Chile","PODEMOS",20,"Tomás Hirsch Goldschmidt",313,5,2015,.837,.647,7.4,0,5.4,0,120,8,901,"2022-1",446,0,.224,0,1.794,.224,0,1.57,.897,.673,2.466,.224,.448,0,3.587,1.57,0,1.345,.897,0,2.242,2.242,0,0,.448,0,0,0,0,0,0,0,2.466,.897,0,.448,1.57,0,0,0,.224,2.691,12.78,3.363,0,0,0,0,2.691,.224,5.157,8.968999999999999,0,5.83,0,0,0,.224,.224,0,1.345,.224,7.399,0,3.363,0,0,3.587,0,0,0,3.587,0,4.26,0,0,2.466,5.157,-36.323,13.677,0,14.126,2.466,"2022a","NR78VJ"
155,"Chile",10,11/12/2005,200512,155601,"Independent Democratic Union","UDI",60,"Joaquin Lavin Infante",313,5,2015,.837,.647,22.36,0,23.23,33,120,1,901,"2022-1",148,0,0,0,0,0,0,0,0,1.351,0,0,0,0,0,.676,0,0,0,0,0,2.027,0,2.027,.676,29.054,0,0,0,0,0,0,0,.676,0,0,0,0,0,0,7.432,4.73,0,0,0,0,0,0,1.351,4.054,17.568,4.73,0,9.459,0,0,0,0,0,0,0,2.027,0,3.378,0,0,0,2.027,0,0,0,.676,0,0,0,0,0,6.081,16.892,.676,0,22.297,0,"2022a","J646Q4"
155,"Chile",10,11/12/2005,200512,155602,"National Renewal","RN",60,"Sebastian Piñera Echenique",313,5,2015,.837,.647,14.12,0,25.41,19,120,1,901,"2022-1",1853,0,1.133,0,0,0,3.616,.324,.7020000000000001,2.86,1.295,.7020000000000001,0,1.133,1.673,6.53,0,0,0,0,.054,3.4,0,8.851000000000001,8.311,.054,0,0,0,0,.917,4.101,.054,3.076,.216,0,0,1.673,0,.054,1.187,1.511,0,0,0,0,0,2.806,5.505,5.181,2.644,5.774,3.778,6.26,0,.108,0,0,0,.324,0,7.501,0,.971,0,0,0,1.295,0,0,0,.971,0,0,0,0,1.241,2.213,-.8090000000000001,3.292,4.101,8.419,1.025,"2022a","C5BQR5"
155,"Chile",10,13/12/2009,200912,155021,"Concert of Parties for Democracy","",20,"Eduardo Frei Ruiz-Tagle",313,5,2015,.837,.647,42.3,1,29.6,54,120,8,901,"2022-1",997,0,0,0,0,0,.1,.1,.1,.602,.1,0,0,0,3.41,4.112,0,.1,.201,0,1.103,1.505,0,2.407,1.204,6.62,0,0,0,0,.802,0,.602,9.327999999999999,0,0,0,0,0,0,5.316,8.927,0,.1,1.003,0,0,.1,2.307,6.62,7.322,12.638,1.304,6.319,0,0,0,0,0,0,0,2.608,.502,1.605,0,0,0,3.611,0,0,0,3.31,0,2.808,0,0,.903,.301,-18.857,9.327999999999999,1.003,19.96,.201,"2022a","7JU35A"
155,"Chile",10,13/12/2009,200912,155023,"New Majority for Chile","",20,"Marco Enriquez-Ominami",313,5,2015,.837,.647,4.600000000000001,0,20.13,0,120,8,901,"2022-1",579,0,0,0,0,0,0,0,0,.6910000000000001,.864,0,0,0,2.591,7.254,0,0,0,0,.345,2.073,0,0,0,2.763,0,0,0,0,0,0,2.591,6.908,2.245,0,0,0,0,0,0,2.936,0,.173,0,0,0,7.772,2.763,3.454,16.062,12.263,.518,6.045,0,0,0,0,0,0,2.591,2.591,2.073,.6910000000000001,0,0,0,3.627,0,0,0,4.491,0,2.245,0,0,.864,.518,-28.325,9.154,0,28.325,0,"2022a","IQ5LVT"
155,"Chile",10,13/12/2009,200912,155025,"Together we can do more for Chile","PODEMOS",20,"Jorge Arrate Mac-Niven",313,5,2015,.837,.647,2,0,6.21,3,120,8,901,"2022-1",1104,0,.091,0,.543,2.264,0,3.08,0,.091,2.264,.453,0,0,1.812,2.808,0,.091,0,0,3.261,2.717,0,1.721,1.812,1.087,0,0,0,.725,0,0,2.174,9.239000000000001,0,0,0,0,0,0,1.359,5.435,4.076000000000001,6.069,.091,0,0,0,4.62,6.793,7.246,10.598,0,5.797,0,0,0,0,0,0,1.359,0,3.623,.272,0,0,0,2.355,0,0,0,2.989,0,.996,0,0,0,.091,-41.486,13.315,.091,17.844,3.08,"2022a","M8GI2G"
155,"Chile",10,13/12/2009,200912,155061,"Coalition for Change","",60,"Sebastian Piñera Echenique",313,5,2015,.837,.647,43.4,0,44.06,58,120,8,901,"2022-1",1981,0,0,0,0,0,1.969,.353,0,2.776,1.01,.05,0,0,.8080000000000001,3.231,0,.606,.101,0,.05,5.704,0,3.988,.858,6.966,.202,0,0,0,.303,.505,4.038,4.19,.101,0,0,.353,0,0,5.502,10.853,0,0,1.363,0,0,.303,3.18,5.351,3.281,7.017,1.615,7.017,0,.05,0,0,0,1.565,0,4.897,0,0,0,0,.05,2.272,0,0,0,2.272,0,1.716,0,.202,1.262,2.07,-3.029,4.291,1.868,10.298,.353,"2022a","3UU71K"
155,"Chile",10,17/11/2013,201311,155021,"New Majority for Chile/Socialist Party of Chile","",20,"Michelle Bachelet Jeria",313,5,2015,.837,.647,47.71,0,46.7,67,120,1,911,"2022-1",3373,0,0,0,0,0,.712,.5630000000000001,0,.059,1.779,0,0,.03,2.668,4.477,0,.03,.03,0,1.364,5.188,0,6.463,.089,2.372,0,.03,0,0,0,.119,1.749,6.345,0,0,0,0,0,0,4.032,10.91,.296,.119,.919,0,0,1.393,.059,7.086,9.102,8.627000000000001,0,6.937,0,0,0,0,.474,.03,.267,2.846,0,.652,0,.03,0,3.439,0,0,0,3.617,.326,2.194,0,0,0,2.579,-18.974,6.641,1.038,17.729,.5630000000000001,"2022a","ZE34J4"
155,"Chile",10,17/11/2013,201311,155024,"If you want it, Chile changes","",20,"Marco Enriquez-Ominami",313,5,2015,.837,.647,5.43,0,10.98,1,120,1,911,"2022-1",2937,0,1.566,0,0,0,2.281,.102,0,1.464,.8170000000000001,.17,0,.102,2.451,1.975,0,.102,.34,0,1.702,1.294,0,.8170000000000001,.613,.068,0,0,0,0,0,0,.136,14.334,.375,0,0,0,0,0,0,.987,3.882,.545,.136,0,0,2.656,3.439,8.512,9.431000000000001,9.057,0,8.274000000000001,0,0,0,0,.034,0,11.168,1.873,2.996,.17,0,0,0,1.09,0,0,0,3.779,0,.987,0,.272,0,0,-37.011,18.59,.136,18.488,.102,"2022a","OEBXRC"
155,"Chile",10,17/11/2013,201311,155061,"Alliance","",60,"Evelyn Matthei Fornet",313,5,2015,.837,.647,26.23,0,25.3,49,120,1,911,"2022-1",2192,0,0,0,0,0,.867,0,.182,.639,.319,0,0,0,.8210000000000001,3.467,0,0,0,0,.091,7.436,0,1.825,.411,.456,.137,0,0,0,0,0,2.646,9.307,0,0,0,.319,0,0,3.741,6.752,.274,0,0,0,0,0,1.049,5.064,2.92,14.279,1.688,15.648,0,0,0,0,0,.182,.365,12.181,0,0,0,0,0,1.779,0,0,0,3.513,0,1.642,0,0,0,0,-28.011,9.58,0,17.199,.182,"2022a","H3ZGBJ"
155,"Chile",10,19/11/2017,201711,155021,"New Majority for Chile","",20,"Alejandro René Eleodoro Guillier Álvarez",343,5,2019,.799,.614,24.056,0,22.6966128709691,43,155,8,940,"2022-1",3251,.154,.246,0,.031,0,.338,.431,.092,.861,.646,0,0,.062,2.215,8.367000000000001,.031,0,.646,0,.431,4.337,0,2.276,.523,.123,.062,0,.062,.092,.154,.215,.461,6.398000000000001,.338,.338,0,0,1.23,.185,1.907,16.364,0,0,0,0,0,3.537,4.552,4.522,4.583,12.704,.092,1.938,0,.031,0,.031,0,.031,.308,4.429,.123,.892,.338,1.846,.277,1.569,0,0,.031,2.738,0,1.6,0,.123,1.2,3.045,-24.946,6.736,.215,17.287,.523,"2022a","K2A7K3"
155,"Chile",10,19/11/2017,201711,155026,"Broad Front","FA",20,"Beatriz de Jesús Sánchez Muñoz",343,5,2019,.799,.614,16.488,0,20.2724278363948,20,155,8,940,"2022-1",4605,.065,.239,0,.087,0,.174,.261,.217,.63,.391,0,0,.109,2.41,9.729000000000001,.022,.022,1.042,.043,.89,2.606,0,.869,.261,.239,.239,0,0,.391,.174,0,.717,3.8,.456,.304,0,.043,.586,1.368,.543,7.34,.282,.239,0,.109,.043,3.344,5.429,3.04,7.144,19.783,.043,5.82,0,.043,0,.087,.195,0,.326,2.193,1.064,1.585,.586,1.889,.043,1.564,0,0,0,5.798,.022,.5650000000000001,0,0,1.564,.9340000000000001,-39.175,4.539,0,26.927,.478,"2022a","GKJ96Q"
155,"Chile",10,19/11/2017,201711,155061,"Chile let's go","",60,"Miguel Juan Sebastián Piñera Echenique",343,5,2019,.799,.614,38.678,0,36.6429909034162,72,155,8,940,"2022-1",479,1.044,0,0,0,0,.418,0,.209,.209,.209,0,0,2.505,.418,8.141999999999999,.209,0,0,0,.209,.418,0,3.34,0,3.549,.209,0,.209,.418,0,0,1.044,0,.209,0,0,0,.418,0,3.132,15.866,0,0,1.253,0,0,1.67,3.132,1.253,4.593,7.724,.209,5.637,0,1.461,0,0,0,0,0,9.603,0,9.603,0,.209,0,0,0,.209,0,4.593,0,.209,0,1.044,.418,5.01,4.175,.209,1.253,12.317,.209,"2022a","8LW8UB"
155,"Chile",10,19/11/2017,201711,155201,"Progressive Party","PRO",20,"Marco Enriquez-Ominami",343,5,2019,.799,.614,3.328,0,5.70992442744853,1,155,1,940,"2022-1",1177,.765,0,0,0,0,0,.255,0,2.634,.595,0,0,.085,2.719,4.928,0,0,0,.085,.51,3.568,0,.425,.17,.68,.085,0,0,.51,0,.9350000000000001,.34,3.738,0,.595,0,0,.425,0,2.124,4.418,.255,0,0,0,0,.85,6.967000000000001,15.718,7.477,14.613,.17,10.365,0,0,0,0,.34,0,.255,3.059,.68,.255,.255,.51,0,1.189,0,0,0,4.333,0,0,0,0,1.954,.85,-31.946,3.993,.9350000000000001,22.09,.255,"2022a","7J78Y7"
155,"Chile",10,19/11/2017,201711,155501,"Christian Democratic Party","PDC",50,"Carolina Goic Boroevic",343,5,2019,.799,.614,10.281,0,5.8752658978104,14,155,1,940,"2022-1",3517,0,.256,0,0,0,.455,.171,.057,1.279,.085,0,0,.057,.881,5.687,0,.028,.085,.142,.171,4.151,0,1.649,.398,.114,0,0,.028,.028,0,.256,.91,4.038,.398,.483,0,.028,.6820000000000001,.256,3.753,11.004,.028,0,0,0,0,5.601,5.914,3.014,6.995,18.055,0,7.478,0,.028,0,0,0,.057,.341,3.952,.114,1.223,.085,.853,0,1.479,0,0,0,.654,0,2.502,0,.142,1.479,2.474,-29.713,4.464,.256,25.05,.227,"2022a","ZX8D4V"
155,"Chile",10,19/11/2017,201711,155980,"Independent","",70,"José Antonio Kast Rist",343,5,2019,.799,.614,,,7.9295878,,155,1,940,"2022-1",1029,.389,0,.097,0,.097,2.041,.194,0,.292,.194,1.263,0,.486,.097,9.815,.097,0,0,.486,.097,.972,0,6.317,.972,1.846,1.263,.777,.583,0,0,1.944,3.11,4.568000000000001,.097,.097,0,.097,0,0,1.944,11.856,.097,0,.583,0,0,1.555,2.624,2.138,3.596,10.982,.583,2.624,0,0,.875,0,0,3.401,0,8.26,.097,1.555,.389,0,0,0,0,0,0,1.944,.972,2.138,0,.194,1.458,1.846,-2.332,4.762,2.527,14.577,.292,"2022a","ZLLPL6"
162,"Uruguay",0,26/10/2014,201410,162210,"Popular Assembly","UP",20,"Gonzalo Abella",341,5,2018,.6950000000000001,.629,1.171,0,1.17138113897187,1,99,1,931,"2022-1",1424,.351,0,.14,1.475,1.053,0,.632,0,.211,.211,.632,0,.5620000000000001,1.826,2.317,0,.14,1.053,.07,.913,.07,0,.983,.492,.632,0,0,0,0,0,0,3.09,5.126,2.037,.983,.281,0,.7020000000000001,0,.843,4.986,1.124,1.475,0,1.756,0,5.899,.772,2.949,4.846,17.065,0,10.112,.772,.07,0,.07,0,0,1.053,.7020000000000001,1.264,.843,.7020000000000001,0,0,0,0,0,0,7.795,0,7.795,.07,0,.421,.632,-43.399,8.287000000000001,0,21.91,.772,"2022a","K3DFBQ"
162,"Uruguay",0,26/10/2014,201410,162310,"Broad Front","FA",30,"Tabaré Vazquez",341,5,2018,.6950000000000001,.629,49.446,0,49.4460255263346,50,99,8,931,"2022-1",4091,2.151,0,0,1.027,.367,.391,.122,.367,1.344,3.275,.049,.293,.098,2.615,3.275,0,0,0,.024,0,2.835,0,3.618,.196,2.224,0,1.247,0,0,.147,.024,2.249,3.764,3.3,2.224,.464,1.613,1.173,.073,1.393,7.578,.269,.098,.782,.293,0,3.691,2.176,2.567,9.069000000000001,11.391,0,6.184,0,.073,0,0,.196,0,.342,.66,1.442,2.151,.636,.098,0,.024,0,0,0,4.107,0,3.715,0,0,1.589,.367,-21.144,7.333,.8070000000000001,20.46,.489,"2022a","EMMTNO"
162,"Uruguay",0,26/10/2014,201410,162410,"Colorado Party","PC",40,"Pedro Bordaberry",341,5,2018,.6950000000000001,.629,13.327,0,13.327256049818,13,99,1,931,"2022-1",3952,.025,.152,.304,.228,0,.9360000000000001,0,.127,1.265,.481,.202,.152,.835,2.227,1.417,0,.076,0,.304,0,.759,0,5.769,.886,.709,0,1.569,0,0,0,1.088,3.391,3.365,.658,.633,.051,4.605,.531,.329,5.39,13.79,.455,.025,2.379,0,0,2.353,3.087,2.556,2.303,9.084,.076,12.854,0,.228,0,0,0,.329,.127,4.276,.5570000000000001,.658,.329,.025,.025,0,0,0,0,3.163,.253,1.442,0,0,.607,.5570000000000001,-8.831,4.479,3.467,11.387,.43,"2022a","FO1T3W"
162,"Uruguay",0,26/10/2014,201410,162510,"Independent Party","PI",50,"Pablo Mieres",341,5,2018,.6950000000000001,.629,3.199,0,3.19903147108626,3,99,1,931,"2022-1",2605,.307,.077,.269,0,0,1.881,0,0,.5760000000000001,1.459,.307,2.764,.192,.154,2.035,0,.269,.038,0,.537,3.877,1.612,13.052,.269,2.956,.192,1.152,0,0,0,.461,1.036,1.344,.384,.154,0,4.837,1.689,.768,3.762,11.248,.384,0,3.148,0,0,1.267,.96,2.265,3.992,9.52,0,4.683,0,.384,0,.614,0,.307,0,3.954,1.574,.5760000000000001,.537,.038,0,0,.038,0,0,2.61,1.075,1.267,0,0,.115,1.036,-.077,2.111,3.608,13.512,.269,"2022a","37S8FG"
162,"Uruguay",0,26/10/2014,201410,162610,"National Party","PN",60,"Luis Alberto Lacalle Pou",341,5,2018,.6950000000000001,.629,31.938,0,31.9384790573497,32,99,1,931,"2022-1",3609,.748,.111,.471,.194,0,1.136,0,.028,1.025,.139,0,.111,.166,1.385,2.383,.028,.055,0,.139,0,1.718,0,6.983000000000001,.887,1.496,.36,1.579,0,0,0,.416,3.103,1.302,.139,1.302,0,3.214,.083,.776,4.239,15.434,.637,0,3.879,0,0,1.884,1.801,3.935,2.937,11.083,0,6.872,0,.804,0,.028,0,0,.083,5.763,.637,.416,.748,.083,0,0,0,0,0,4.129,.499,2.549,.028,0,.249,.499,-3.242,2.078,4.295,14.021,.499,"2022a","ML37BE"
180,"Brazil",0,15/11/1989,198911,180230,"Popular Front Brazil","",20,"Luiz Inácio Lula da Silva",329,5,2018,.788,.621,,,17.18569,,,1,931,"2022-1",3497,.715,.029,0,.343,9.522,0,1.973,.143,.2,.2,.315,0,.086,1.258,4.175,.029,.257,1.287,.2,.4,1.23,0,1.43,2.259,1.63,1.659,0,0,.029,.029,0,0,4.861,.515,.086,.086,.5720000000000001,.172,1.144,.629,4.404,1.945,5.49,.257,2.202,0,2.774,1.287,.858,13.64,10.609,0,4.575,0,.429,0,.801,0,0,0,.6860000000000001,.429,.057,.2,.114,0,.172,0,0,0,7.95,0,3.432,.172,0,.4,.286,-46.84,7.321,.257,24.249,2.116,"2022a","P5G2GS"
180,"Brazil",0,15/11/1989,198911,180250,"Democratic Labour Party","PDT",20,"Leonel de Moura Brizola",998,998,,,,,,16.5145169509974,,,99,931,"",,,,,,,,,,,,,,,,,,,,,,,,,,,,,,,,,,,,,,,,,,,,,,,,,,,,,,,,,,,,,,,,,,,,,,,,,,,,,,,,,,,,"2022a","K3I1U3"
180,"Brazil",0,15/11/1989,198911,180309,"Party of Brazilian Social Democracy","PSDB",50,"Mário Covas Júnior",329,5,2018,.788,.621,,,4.739972,,,9,931,"2022-1",201,0,0,0,0,3.483,0,0,0,2.488,.498,0,0,0,0,8.955,0,0,0,0,1.99,.498,0,2.488,4.478,6.965,16.418,.498,0,0,0,3.483,1.99,0,.498,0,0,4.478,0,0,2.985,4.478,0,0,6.965,0,0,0,1.99,0,3.98,0,0,4.478,0,10.945,0,0,0,.498,0,0,0,.995,0,0,0,0,0,0,0,.498,0,2.985,0,0,0,0,32.836,.498,10.448,3.98,0,"2022a","H9W5AV"
180,"Brazil",0,15/11/1989,198911,180410,"New Brazil Movement","",40,"Fernando Affonso Collor de Mello",329,5,2018,.788,.621,,,30.4791,,,9,931,"2022-1",587,.511,0,0,0,0,.17,0,0,.681,.511,0,0,.852,.511,4.259,0,0,.17,.852,.17,2.896,0,3.918,3.748,.341,4.94,.17,0,0,0,4.600000000000001,.341,1.193,.17,1.022,0,2.726,.511,.17,2.726,11.925,.341,.17,5.281,0,0,2.385,2.215,2.385,4.600000000000001,6.985,.681,5.281,0,4.429,0,0,.17,.511,0,3.578,.17,2.385,.681,0,0,.681,0,0,0,3.066,0,2.726,0,0,0,1.193,10.733,1.704,9.881,11.584,0,"2022a","R4TV55"
180,"Brazil",0,15/11/1989,198911,180610,"Democratic Social Party","PDS",60,"Paulo Salim Maluf",998,998,,,,,,8.853300643924729,,,99,931,"",,,,,,,,,,,,,,,,,,,,,,,,,,,,,,,,,,,,,,,,,,,,,,,,,,,,,,,,,,,,,,,,,,,,,,,,,,,,,,,,,,,,"2022a","TJI1KQ"
180,"Brazil",0,03/10/1994,199410,180230,"A democratic revolution in Brazil","",20,"Luiz Inácio Lula da Silva",328,5,2017,.756,.598,,,27.0378587195195,,,8,920,"2022-1",3677,0,.299,0,.408,1.088,.5710000000000001,.326,.082,.789,.544,.027,0,0,.5710000000000001,10.606,0,.272,.299,.68,0,2.366,.245,4.351,.897,1.904,.462,.462,0,.897,0,.027,1.414,1.414,.163,.245,.435,.054,2.801,.87,.653,9.274000000000001,.299,.49,.027,2.094,.027,3.182,8.023,5.385,2.448,10.362,.027,6.119,0,.027,0,0,0,0,0,1.414,0,.761,.272,.218,0,.761,0,0,0,3.563,0,2.72,0,.054,1.904,4.324,-27.142,1.877,.054,12.809,.408,"2022a","HL4F7X"
180,"Brazil",0,03/10/1994,199410,180310,"Let’s work Brazil","",60,"Fernando Henrique Cardoso",328,5,2017,.756,.598,,,54.2803869164253,,,8,920,"2022-1",2705,0,.037,0,.037,0,.296,0,.037,1.627,1.331,0,0,.074,.185,2.957,.037,.222,.037,.259,.222,3.401,0,5.619,1.072,1.146,3.031,0,0,0,0,5.582,1.774,1.442,.591,.148,.739,2.736,.259,.222,.8130000000000001,13.604,.111,0,6.100000000000001,0,0,2.44,.296,3.549,4.917,5.989,1.368,6.137,.259,.296,0,.222,0,0,0,3.179,.074,1.442,.7020000000000001,.111,0,.665,0,0,0,3.401,.037,5.619,0,0,1.553,1.996,4.843,2.144,11.682,10.906,.037,"2022a","Y4XYZX"
180,"Brazil",0,03/10/1994,199410,180710,"Party of the Reconstruction of the National Order","PRONA",70,"Enéas Carneiro",328,5,2017,.756,.598,,,7.37919966506793,,,8,920,"2022-1",1950,0,.051,0,4,1.231,.769,0,0,.103,.154,0,0,0,0,6.308,0,0,0,.205,0,.103,.41,3.026,1.897,2.359,.513,2.41,0,.103,0,.8210000000000001,.513,.923,.513,0,.359,.769,4.769,0,2.41,9.744,1.538,1.385,.8210000000000001,0,.051,6.615,3.487,.41,.462,14.051,.051,12.103,0,2.923,0,0,0,2.923,0,1.487,0,.205,0,0,0,.051,0,0,0,1.692,.308,4.154,.103,0,0,.718,-27.333,2.974,1.641,14.513,0,"2022a","TMJFGU"
180,"Brazil",0,04/10/1998,199810,180230,"Union of the People - Change Brazil","",20,"Luiz Inácio Lula da Silva",329,5,2016,.855,.598,,,31.7107872977176,,,8,920,"2022-1",211,0,0,0,0,.9480000000000001,0,0,.474,.9480000000000001,.474,1.422,0,.474,1.422,5.213,0,0,0,0,0,1.422,0,.474,2.844,7.109,0,0,0,.474,0,0,2.844,.9480000000000001,1.422,.9480000000000001,2.37,0,.474,3.791,3.318,1.422,0,.9480000000000001,0,0,0,.9480000000000001,2.37,3.318,7.583,9.479000000000001,0,5.687,0,2.844,0,0,0,0,0,3.318,.474,0,0,.474,0,.474,0,0,0,9.952999999999999,0,9.479000000000001,0,0,.474,.9480000000000001,-19.905,2.37,0,17.062,.474,"2022a","ZH5PTZ"
180,"Brazil",0,04/10/1998,199810,180232,"Socialist People's Party","PPS",20,"Ciro Gomes",329,5,2016,.855,.598,,,10.9656831059408,,,8,920,"2022-1",313,0,0,0,0,0,0,0,0,0,0,.319,0,.319,0,2.556,0,.319,.319,.319,2.556,4.792,0,5.112,2.875,4.473,2.875,.639,0,0,0,2.236,0,7.029,1.278,0,0,0,.9580000000000001,.9580000000000001,3.834,4.473,3.514,0,2.556,0,0,.9580000000000001,0,3.195,5.112,9.904,0,5.431,0,0,0,0,0,0,0,4.153,0,.639,.319,0,0,0,0,0,0,4.153,0,10.863,0,.319,.319,.319,-15.974,11.821,4.792,15.016,0,"2022a","UP4GSY"
180,"Brazil",0,04/10/1998,199810,180310,"Go ahead Brazil","",60,"Fernando Henrique Cardoso",329,5,2016,.855,.598,,,53.0649773210445,,,8,920,"2022-1",4138,1.088,.097,0,.024,.024,.387,.024,.097,1.063,.725,.024,0,.024,1.522,7.757000000000001,0,.169,.169,.145,0,3.649,.121,4.519,.242,1.716,1.498,0,0,0,0,1.861,3.021,.387,.411,0,.725,.242,2.32,1.281,1.788,11.382,.193,0,2.707,0,0,1.716,.846,2.562,2.707,15.539,.628,5.341,.048,.121,0,.048,0,0,0,1.595,0,1.837,.072,.556,0,.58,0,0,0,3.77,0,6.646,.024,.024,.967,2.972,-18.318,.991,4.567,18.246,.121,"2022a","NDUGIS"
180,"Brazil",0,06/10/2002,200210,180230,"Coalition Lula for President","",20,"Luiz Inácio Lula da Silva",318,5,2016,.875,.705,,,46.4439768789943,,,8,920,"2022-1",1289,.155,.078,0,.078,1.707,.853,0,.233,.621,1.086,.388,0,.233,.465,3.957,0,0,.078,1.241,.078,3.491,.233,5.353,1.552,.155,0,.155,0,0,0,.543,.543,3.801,2.25,1.009,.078,.543,2.25,0,14.43,7.06,.388,1.707,2.56,0,0,4.888,1.319,.931,9.542,9.93,0,3.646,0,.465,0,.078,0,0,0,1.552,0,1.629,0,.233,0,0,0,0,0,4.422,0,1.552,0,.155,0,.31,-21.955,6.439,3.103,19.472,.233,"2022a","RFHRAP"
180,"Brazil",0,06/10/2002,200210,180240,"Hope for Brasil Coalition","",20,"Anthony Gartinho",318,5,2016,.875,.705,,,17.868950777817,,,8,920,"2022-1",4605,3.388,0,0,2.302,2.172,2.41,.586,.63,1.412,.543,1.694,.022,.043,.369,3.583,0,.022,.043,.499,.239,1.607,.261,3.8,1.173,1.042,1.346,0,0,0,0,.13,1.042,1.064,1.194,.239,.326,.5650000000000001,2.649,.651,7.427,11.162,.369,.282,1.781,.174,.326,4.539,2.519,4.126,6.189,3.735,0,7.275,0,1.346,0,1.042,0,.022,0,2.888,.304,.63,.369,.282,0,0,0,0,0,2.02,0,3.757,0,0,.065,.326,-12.53,2.628,1.911,9.923999999999999,1.216,"2022a","V4VMZA"
180,"Brazil",0,06/10/2002,200210,180310,"Coalition Big Alliance","",60,"José Serra",318,5,2016,.875,.705,,,23.1957557160292,,,8,920,"2022-1",1397,.644,0,0,.429,.072,1.933,0,.859,1.79,.501,.429,0,.072,1.002,4.152,0,.072,0,.644,.286,.931,.429,2.434,1.002,.143,2.076,0,0,0,0,.215,1.575,.644,.501,.072,0,1.432,.787,.072,10.594,12.097,.215,.072,2.72,0,0,1.79,1.861,2.935,4.939,12.956,.072,4.223,0,1.79,0,0,0,.072,.072,4.51,0,1.074,0,.286,.072,.5730000000000001,0,0,0,3.865,.143,5.941,0,0,.429,1.503,-10.523,1.36,2.935,17.895,.859,"2022a","NBPA3X"
180,"Brazil",0,06/10/2002,200210,180320,"Labour Front Coalition","",30,"Ciro Gomes",318,5,2016,.875,.705,,,11.9723701441637,,,8,920,"2022-1",647,1.7,0,0,1.391,2.782,2.009,.464,.155,5.719,.773,0,.309,.155,.464,4.482,0,.155,.464,.464,1.236,2.164,.773,3.091,2.473,.155,0,0,0,0,0,2.009,2.937,4.173,.309,0,3.091,.618,3.709,0,8.964,6.491000000000001,.927,.464,1.7,0,0,.155,1.391,1.082,9.891999999999999,5.719,.155,4.482,0,.464,0,0,.464,0,0,3.091,.155,1.236,.309,.309,0,0,0,0,0,1.7,0,2.164,0,.464,0,0,-20.711,5.41,3.709,15.611,.618,"2022a","DB4IJF"
180,"Brazil",0,01/10/2006,200610,180230,"Coalition the People's Power","",20,"Luiz Inácio Lula da Silva",318,5,2014,.875,.705,,,46.61,,,8,901,"2022-1",563,1.244,0,0,1.599,.71,1.066,0,.533,1.954,.888,.178,0,0,2.842,8.170999999999999,0,0,.71,0,0,3.552,.71,3.197,3.73,.71,1.954,.178,0,0,.178,0,1.776,2.309,1.066,.178,.533,.355,1.066,0,3.02,8.348000000000001,.533,.178,2.131,0,0,3.73,3.02,2.664,6.75,8.348000000000001,0,5.684,0,.355,0,0,0,.178,.355,4.085,.355,0,.178,2.309,0,.355,0,0,0,2.664,0,1.954,0,0,.355,1.066,-19.005,3.908,2.131,15.098,.533,"2022a","1FE2L9"
180,"Brazil",0,01/10/2006,200610,180231,"Left Front","",20,"Heliosa Helena",318,5,2014,.875,.705,,,6.85,,,8,901,"2022-1",133,0,0,0,3.008,9.023,0,.752,0,0,0,0,.752,0,0,6.767,0,0,3.008,.752,0,0,0,.752,12.03,1.504,2.256,0,0,0,0,0,0,9.774000000000001,0,0,0,0,1.504,.752,.752,0,3.759,3.759,0,1.504,0,0,1.504,0,13.534,3.759,0,1.504,0,0,0,0,0,0,0,0,0,0,2.256,0,0,0,0,0,0,12.782,0,2.256,0,0,0,0,-51.128,13.534,0,17.293,.752,"2022a","O71A4F"
180,"Brazil",0,01/10/2006,200610,180310,"Coalition for a decent Brazil","",60,"Geraldo Alckmin",318,5,2014,.875,.705,,,41.64,,,8,901,"2022-1",1630,1.902,0,0,.061,0,1.166,.123,.061,1.166,.245,.061,0,.123,.368,2.331,0,0,0,.491,0,.552,0,6.748,6.012,.368,0,.123,0,0,0,.307,3.497,1.902,1.104,0,.061,.491,2.515,0,9.448,16.135,.061,.184,2.27,0,0,3.252,1.656,5.031,3.252,8.465999999999999,0,4.847,0,.613,0,.061,0,0,0,3.988,0,.92,0,.245,0,.061,0,0,0,3.558,.061,3.742,.061,0,.061,.245,-9.202,3.067,2.577,11.718,.184,"2022a","JINDDG"
180,"Brazil",0,03/10/2010,201010,180110,"Green Party","PV",10,"Marina Silva",318,5,2014,.875,.705,,,19.33,,,1,901,"2022-1",53,1.887,0,0,0,0,0,0,1.887,0,0,0,0,0,3.774,7.547000000000001,0,0,1.887,0,0,1.887,0,5.66,0,0,0,0,0,0,0,0,0,1.887,0,0,0,0,0,0,0,3.774,0,0,0,0,0,1.887,30.189,1.887,5.66,9.434000000000001,0,11.321,0,0,0,0,0,0,0,3.774,0,0,0,0,0,3.774,0,0,0,1.887,0,0,0,0,0,0,-28.302,1.887,0,15.094,1.887,"2022a","TVMLS7"
180,"Brazil",0,03/10/2010,201010,180230,"For Brazil to keep on changing","",20,"Dilma Rouseff",318,5,2014,.875,.705,,,46.91,,,8,901,"2022-1",264,1.136,0,0,.758,1.515,1.136,0,1.515,4.167,.758,.758,0,.758,2.652,7.197,0,0,0,0,0,.758,0,1.515,1.136,6.061,2.273,.379,0,0,0,0,1.515,.379,1.515,0,0,.379,0,0,3.409,7.955,.758,.379,2.273,0,0,4.545,3.788,3.788,3.409,10.985,0,6.818000000000001,0,2.273,0,0,0,0,0,3.788,0,1.515,.379,.379,0,0,0,0,0,3.03,0,1.515,0,.379,0,.379,-13.636,2.652,2.273,14.394,1.515,"2022a","ZFVR8J"
180,"Brazil",0,03/10/2010,201010,180310,"Brazil can do more","",60,"José Serra",318,5,2014,.875,.705,,,32.61,,,8,901,"2022-1",2911,5.256,.034,0,.103,0,.206,0,0,.206,.24,0,0,.275,.584,2.645,0,0,.103,.515,.069,1.408,.206,5.359,1.752,.653,.275,0,0,0,0,.584,2.061,2.645,.8240000000000001,0,.069,.481,3.538,.069,4.191,20.611,.275,.24,.996,0,0,2.061,4.844,3.298,3.779,10.271,.412,5.599,0,.653,0,0,0,.481,.103,4.054,.034,.756,0,.412,0,.378,.034,0,0,1.305,.103,3.263,0,.24,.756,.6870000000000001,-11.302,3.744,1.58,14.05,0,"2022a","USOEWL"
180,"Brazil",0,05/10/2014,201410,180230,"With the strength of the people","",20,"Dilma Rouseff",328,5,2016,.756,.598,,,41.59,,,1,911,"2022-1",581,0,0,0,0,.172,0,0,.344,2.065,.516,.172,0,.516,1.205,4.303,0,0,.516,0,.172,2.065,.172,3.614,.6880000000000001,5.164,.344,0,0,.172,0,.172,4.819,.6880000000000001,.344,0,.344,0,2.582,1.377,7.229,13.081,1.549,.172,1.377,.172,0,2.065,1.549,3.442,9.294,7.573,0,8.09,0,.344,0,.172,0,0,0,3.098,0,.6880000000000001,0,0,0,0,0,0,0,3.787,0,2.238,0,.6880000000000001,.344,.516,-12.048,2.582,1.549,16.867,.344,"2022a","3TJK7H"
180,"Brazil",0,05/10/2014,201410,180240,"United for Brazil","",20,"Marina Silva",328,5,2016,.756,.598,,,21.32,,,1,911,"2022-1",4097,.098,0,0,.024,0,0,0,.024,.317,.244,0,.635,0,1.684,5.077,.073,.049,.098,1.269,.415,1.709,.098,3.93,1.22,2.856,.464,.073,0,0,0,1.757,2.587,.268,.146,.073,.073,1.928,.6830000000000001,.342,.928,7.640000000000001,0,0,1.416,0,.024,5.077,4.198,6.395,8.470000000000001,8.958,.195,8.226000000000001,0,.195,0,.244,0,0,0,4.784,0,1.001,.122,1.855,0,1.22,0,0,0,2.465,.244,2.465,0,0,2.099,3.564,-5.394,.415,3.173,17.427,.024,"2022a","DKNDEV"
180,"Brazil",0,05/10/2014,201410,180310,"Change, Brazil","",60,"Aécio Neves",328,5,2016,.756,.598,,,33.55,,,1,911,"2022-1",885,.113,.113,0,0,0,1.13,0,0,1.13,0,.226,0,.113,.904,3.164,0,0,.5650000000000001,0,0,2.712,0,8.136000000000001,0,.452,.113,.452,0,0,0,2.825,4.294,1.13,.791,0,.113,.5650000000000001,.5650000000000001,0,.5650000000000001,10.169,0,0,2.599,0,0,5.65,2.486,3.39,4.633,10.734,.904,7.684,1.243,.452,0,.113,0,0,0,4.972,0,2.034,1.243,.452,0,0,.113,0,0,2.825,0,3.277,0,.678,2.26,1.921,-5.085,1.921,5.424,15.367,0,"2022a","US4SQZ"
180,"Brazil",0,07/10/2018,201810,180230,"The People happy again","",20,"Fernando Haddad",329,5,2019,.782,.652,,,29.2799175090312,,,1,941,"2022-1",1447,.207,0,0,1.382,0,1.037,0,.484,.898,1.106,0,0,0,2.903,5.114,0,0,1.52,1.175,.276,3.386,.069,1.659,.968,.553,.898,0,0,0,0,.138,1.175,4.63,.553,.138,.207,0,0,2.488,.346,5.46,.76,2.142,.069,0,0,8.984,1.935,5.045,8.5,10.712,.415,6.911,0,0,0,0,.069,0,0,3.594,1.659,.622,.346,.138,0,.207,0,0,0,3.732,0,2.903,0,0,1.52,.968,-26.123,5.943000000000001,.207,19.212,.484,"2022a","AS68MW"
180,"Brazil",0,07/10/2018,201810,180251,"Soverign Brazil","",30,"Ciro Gomes",329,5,2019,.782,.652,,,12.4654625256288,,,1,941,"2022-1",941,0,.425,0,2.232,.213,2.444,.106,.319,.744,.9560000000000001,0,0,0,.319,1.382,0,0,0,0,0,.425,.106,2.869,1.7,.425,0,0,0,0,0,.744,6.164,1.063,1.7,.319,.744,.106,.213,1.7,2.657,6.801,0,.9560000000000001,2.019,0,0,3.082,.85,3.082,10.733,13.177,1.063,10.733,0,.106,0,0,0,0,0,5.526,1.7,.213,0,0,0,.106,0,0,0,6.057,0,1.488,0,0,.213,2.019,-20.298,2.763,2.763,23.911,.425,"2022a","NGWYM3"
180,"Brazil",0,07/10/2018,201810,180310,"To unite Brazil","",60,"Geraldo Alckmin",329,5,2019,.782,.652,,,4.76068598081458,,,1,941,"2022-1",1207,0,0,0,0,0,2.071,0,0,1.16,.58,0,.166,.166,2.486,1.491,.083,.083,0,.331,0,3.894,.497,7.374000000000001,1.574,.083,.994,0,0,0,0,3.977,1.16,.58,0,0,.083,3.065,0,.083,.8290000000000001,11.102,.083,0,4.474,0,0,6.131,1.906,5.8,5.22,7.954,2.9,9.611000000000001,.58,.663,0,0,0,0,0,4.474,.331,.083,0,.083,.663,.414,0,0,0,1.408,0,1.988,0,0,.911,.414,4.474,.663,8.451000000000001,13.173,0,"2022a","GDZIAQ"
180,"Brazil",0,07/10/2018,201810,180620,"Brazil above everything, God above everyone","",70,"Jair Bolsonaro",329,5,2019,.782,.652,,,46.0314481312036,,,1,941,"2022-1",584,0,0,0,0,0,2.397,0,0,.514,.171,0,0,3.767,1.37,1.712,2.226,0,0,1.541,.171,1.37,.514,1.199,5.308,0,.856,.171,0,0,0,14.726,1.027,0,0,0,0,3.425,0,0,2.568,7.705,0,0,8.390000000000001,0,0,.856,0,.171,2.055,4.11,1.712,5.479,2.226,1.37,0,.171,0,2.055,0,13.185,0,.171,0,.171,.171,0,.171,0,0,1.884,1.199,1.541,0,0,0,.171,42.466,0,23.116,6.164,0,"2022a","6CBOG1"
